{
  "model_tag": "gemma-3-1b-it",
  "r": 10,
  "n_layers": 27,
  "overlap_scores": [
    1.0,
    0.39054784178733826,
    0.38664692640304565,
    0.41895461082458496,
    0.42753320932388306,
    0.39255502820014954,
    0.35896244645118713,
    0.34702005982398987,
    0.33207276463508606,
    0.28121134638786316,
    0.23529043793678284,
    0.2350480556488037,
    0.23681151866912842,
    0.24193540215492249,
    0.24099862575531006,
    0.22481493651866913,
    0.2009923905134201,
    0.19867292046546936,
    0.20879220962524414,
    0.2087417095899582,
    0.1989733874797821,
    0.18427835404872894,
    0.1704731285572052,
    0.1552131026983261,
    0.14258775115013123,
    0.1325049102306366,
    0.12623567879199982
  ],
  "top_cos": [
    1.0,
    0.9898759722709656,
    0.983482837677002,
    0.9892005920410156,
    0.9907236099243164,
    0.9933679103851318,
    0.9885432720184326,
    0.989198625087738,
    0.9905535578727722,
    0.992162823677063,
    0.9911856651306152,
    0.982919454574585,
    0.9791513681411743,
    0.9713366627693176,
    0.9377227425575256,
    0.9118635654449463,
    0.8708299398422241,
    0.849307119846344,
    0.8212034702301025,
    0.7916325926780701,
    0.8000113368034363,
    0.789632260799408,
    0.8101679682731628,
    0.8023512363433838,
    0.7867311835289001,
    0.765796422958374,
    0.5928781032562256
  ],
  "mean_overlap": 0.28436550939524613,
  "min_overlap": 0.12623567879199982,
  "max_overlap": 1.0,
  "min_overlap_layer": 26,
  "max_overlap_layer": 0
}