{
  "model_tag": "gemma-4-E2B-it",
  "r": 10,
  "n_layers": 36,
  "overlap_scores": [
    1.0,
    0.3291577100753784,
    0.44933944940567017,
    0.37687283754348755,
    0.3918748199939728,
    0.3205995559692383,
    0.22732409834861755,
    0.21556568145751953,
    0.20779159665107727,
    0.16927583515644073,
    0.18171821534633636,
    0.13183137774467468,
    0.14143669605255127,
    0.12221825122833252,
    0.12783148884773254,
    0.16994118690490723,
    0.15975584089756012,
    0.09617791324853897,
    0.08760140836238861,
    0.09586678445339203,
    0.12324811518192291,
    0.14959152042865753,
    0.14346101880073547,
    0.12701942026615143,
    0.18799147009849548,
    0.1920069456100464,
    0.15692247450351715,
    0.15255585312843323,
    0.13786017894744873,
    0.1258086860179901,
    0.1132136732339859,
    0.0924488827586174,
    0.07080908119678497,
    0.05796845629811287,
    0.05205152556300163,
    0.14267104864120483
  ],
  "top_cos": [
    1.0,
    0.954552412033081,
    0.9378172755241394,
    0.9109156131744385,
    0.9519274830818176,
    0.8910788297653198,
    0.8592774271965027,
    0.8321648836135864,
    0.8208469748497009,
    0.7803211808204651,
    0.7571641206741333,
    0.6754192113876343,
    0.7545474171638489,
    0.6746821999549866,
    0.6579896807670593,
    0.7383387088775635,
    0.7184596657752991,
    0.6311033368110657,
    0.6097187995910645,
    0.6773412227630615,
    0.6876877546310425,
    0.7748329639434814,
    0.7768822908401489,
    0.7486454844474792,
    0.8630639314651489,
    0.8611279129981995,
    0.7588422894477844,
    0.7889593243598938,
    0.722712516784668,
    0.7031893134117126,
    0.6576789617538452,
    0.6139355301856995,
    0.5657625794410706,
    0.5269831418991089,
    0.5065862536430359,
    0.9064978957176208
  ],
  "mean_overlap": 0.19521691939897007,
  "min_overlap": 0.05205152556300163,
  "max_overlap": 1.0,
  "min_overlap_layer": 34,
  "max_overlap_layer": 0
}