{
  "model_tag": "qwen-3.5-4b",
  "r": 10,
  "n_layers": 33,
  "overlap_scores": [
    1.0,
    0.48448777198791504,
    0.46096906065940857,
    0.4332238733768463,
    0.25019532442092896,
    0.23087067902088165,
    0.22769781947135925,
    0.22107017040252686,
    0.15646150708198547,
    0.1575642228126526,
    0.1473114788532257,
    0.13476558029651642,
    0.10966913402080536,
    0.11199820041656494,
    0.09951332956552505,
    0.09650115668773651,
    0.0811903104186058,
    0.0802687555551529,
    0.08250276744365692,
    0.11268182098865509,
    0.09145813435316086,
    0.10269123315811157,
    0.10789837688207626,
    0.12226437032222748,
    0.0878523662686348,
    0.09568539261817932,
    0.09162168949842453,
    0.1358942836523056,
    0.08633153140544891,
    0.08349425345659256,
    0.07936074584722519,
    0.07411422580480576,
    0.07468146085739136
  ],
  "top_cos": [
    1.0,
    0.9748841524124146,
    0.9289728999137878,
    0.9117974638938904,
    0.85357266664505,
    0.8545587062835693,
    0.8443434834480286,
    0.8080060482025146,
    0.76056969165802,
    0.7548975944519043,
    0.767551064491272,
    0.7179675698280334,
    0.6415321230888367,
    0.6423019766807556,
    0.6227721571922302,
    0.6430357098579407,
    0.6070241332054138,
    0.5733417868614197,
    0.5526601076126099,
    0.6301712393760681,
    0.5784099698066711,
    0.6098310351371765,
    0.6397126913070679,
    0.7332329154014587,
    0.5911831855773926,
    0.607506513595581,
    0.5704613327980042,
    0.8426052927970886,
    0.5596271753311157,
    0.5781186819076538,
    0.5537375211715698,
    0.5702270269393921,
    0.5683367848396301
  ],
  "mean_overlap": 0.17916033416986465,
  "min_overlap": 0.07411422580480576,
  "max_overlap": 1.0,
  "min_overlap_layer": 31,
  "max_overlap_layer": 0
}