{
  "model_tag": "gemma-3-4b-it",
  "r": 10,
  "n_layers": 35,
  "overlap_scores": [
    1.0,
    0.430889755487442,
    0.4040530323982239,
    0.45455050468444824,
    0.46344947814941406,
    0.435634046792984,
    0.41273003816604614,
    0.39391347765922546,
    0.39126887917518616,
    0.33491188287734985,
    0.29578498005867004,
    0.26332294940948486,
    0.22921407222747803,
    0.21262745559215546,
    0.2091139853000641,
    0.2011917531490326,
    0.19210362434387207,
    0.20566216111183167,
    0.19456492364406586,
    0.18808069825172424,
    0.1777310073375702,
    0.17678867280483246,
    0.17532192170619965,
    0.17155571281909943,
    0.16898313164710999,
    0.1621376872062683,
    0.15572181344032288,
    0.14896643161773682,
    0.1345466524362564,
    0.12077949941158295,
    0.10988503694534302,
    0.09957696497440338,
    0.09194958209991455,
    0.09404493868350983,
    0.08627672493457794
  ],
  "top_cos": [
    1.0,
    0.9837822914123535,
    0.9819670915603638,
    0.9956099390983582,
    0.9948830008506775,
    0.9943021535873413,
    0.9920954704284668,
    0.9928582310676575,
    0.9978064298629761,
    0.9974129796028137,
    0.9979904294013977,
    0.9981935620307922,
    0.9981659650802612,
    0.9971762895584106,
    0.9975742697715759,
    0.9960566163063049,
    0.9945333003997803,
    0.9903594255447388,
    0.9890060424804688,
    0.9853404760360718,
    0.9800425171852112,
    0.9725461006164551,
    0.9599175453186035,
    0.9466338157653809,
    0.9422839283943176,
    0.9299754500389099,
    0.9088943600654602,
    0.895328938961029,
    0.877680242061615,
    0.8816843628883362,
    0.8609727621078491,
    0.8311528563499451,
    0.8066690564155579,
    0.7997334003448486,
    0.648306667804718
  ],
  "mean_overlap": 0.25678095647266935,
  "min_overlap": 0.08627672493457794,
  "max_overlap": 1.0,
  "min_overlap_layer": 34,
  "max_overlap_layer": 0
}