{
  "model_tag": "llama-3.2-3b",
  "r_safety": 10,
  "r_utility": 10,
  "safety_contrast_vs_utility": {
    "overlap_scores": [
      1.0,
      0.29573363065719604,
      0.2686733603477478,
      0.2624305486679077,
      0.1557997167110443,
      0.14574983716011047,
      0.15035247802734375,
      0.10098792612552643,
      0.0886085107922554,
      0.08192011713981628,
      0.08788709342479706,
      0.09036757051944733,
      0.09197424352169037,
      0.09271600097417831,
      0.10189542919397354,
      0.10874776542186737,
      0.12362964451313019,
      0.14362122118473053,
      0.147891566157341,
      0.13811597228050232,
      0.1370566338300705,
      0.14345014095306396,
      0.12754786014556885,
      0.13561484217643738,
      0.12829706072807312,
      0.11967989057302475,
      0.11302164942026138,
      0.10402651131153107,
      0.10827209055423737
    ],
    "top_cos": [
      1.0,
      0.9796289205551147,
      0.929512619972229,
      0.9187194108963013,
      0.8414649963378906,
      0.7086127996444702,
      0.7256054282188416,
      0.6901502013206482,
      0.6305330395698547,
      0.6213188767433167,
      0.6298279166221619,
      0.5881083607673645,
      0.6393636465072632,
      0.6172938942909241,
      0.6035420894622803,
      0.61251300573349,
      0.6258759498596191,
      0.6593843698501587,
      0.6720300316810608,
      0.6353535652160645,
      0.6284268498420715,
      0.6502878069877625,
      0.6230605244636536,
      0.6704729795455933,
      0.6754795908927917,
      0.6577247977256775,
      0.6645720601081848,
      0.6266554594039917,
      0.5631011724472046
    ],
    "mean_overlap": 0.16531273491423706,
    "mean_top_cos": 0.6927110470574478
  },
  "utility_contrast_vs_safety": {
    "overlap_scores": [
      1.0,
      0.2131502628326416,
      0.22399771213531494,
      0.20551851391792297,
      0.18216687440872192,
      0.22725553810596466,
      0.2400170862674713,
      0.19868828356266022,
      0.1870117038488388,
      0.19738397002220154,
      0.1879485845565796,
      0.17918279767036438,
      0.16404062509536743,
      0.1423070728778839,
      0.12802602350711823,
      0.10178674757480621,
      0.09945345669984818,
      0.10492442548274994,
      0.10070742666721344,
      0.09691445529460907,
      0.09135740250349045,
      0.0903225913643837,
      0.08052147179841995,
      0.07952623814344406,
      0.08156614005565643,
      0.07773618400096893,
      0.07070474326610565,
      0.051489364355802536,
      0.051536865532398224
    ],
    "top_cos": [
      1.0,
      0.9291688799858093,
      0.8522257804870605,
      0.8387285470962524,
      0.7109836935997009,
      0.8004592657089233,
      0.790043294429779,
      0.782339870929718,
      0.7656245827674866,
      0.7901166081428528,
      0.7760084867477417,
      0.7777240872383118,
      0.7552086710929871,
      0.728455662727356,
      0.6910459399223328,
      0.6221758723258972,
      0.6696730852127075,
      0.6902570128440857,
      0.6727031469345093,
      0.6664126515388489,
      0.658799409866333,
      0.6376810073852539,
      0.6127342581748962,
      0.6089599132537842,
      0.6242091655731201,
      0.6072899103164673,
      0.5964106321334839,
      0.5494511723518372,
      0.5378924608230591
    ],
    "mean_overlap": 0.16742215729479132,
    "mean_top_cos": 0.7152683817107102
  }
}