{
  "model_tag": "llama-3.2-3b",
  "r": 10,
  "n_layers": 29,
  "overlap_scores": [
    1.0,
    0.20952045917510986,
    0.22642917931079865,
    0.20332065224647522,
    0.17095127701759338,
    0.1929696500301361,
    0.19261978566646576,
    0.17680403590202332,
    0.15432748198509216,
    0.15822234749794006,
    0.15493600070476532,
    0.15896886587142944,
    0.1512153595685959,
    0.12609244883060455,
    0.11549375206232071,
    0.10094103962182999,
    0.09697701036930084,
    0.10230422019958496,
    0.09103881567716599,
    0.08798684179782867,
    0.08038744330406189,
    0.07925747334957123,
    0.07282564043998718,
    0.07299045473337173,
    0.06863516569137573,
    0.06247800588607788,
    0.057395078241825104,
    0.04392324015498161,
    0.04082193970680237
  ],
  "top_cos": [
    1.0,
    0.9562856554985046,
    0.8661651611328125,
    0.8641282320022583,
    0.8240433931350708,
    0.7867940068244934,
    0.7845037579536438,
    0.7486810088157654,
    0.7535647749900818,
    0.7373447418212891,
    0.7463682293891907,
    0.7395113706588745,
    0.7105588912963867,
    0.6827735304832458,
    0.6466842889785767,
    0.6219127178192139,
    0.6118385195732117,
    0.6646897196769714,
    0.6255325078964233,
    0.6214520335197449,
    0.6385201215744019,
    0.6263335943222046,
    0.6062510013580322,
    0.6094814538955688,
    0.5701640844345093,
    0.5356512069702148,
    0.5393678545951843,
    0.5020167827606201,
    0.4903427064418793
  ],
  "mean_overlap": 0.15344254017390055,
  "min_overlap": 0.04082193970680237,
  "max_overlap": 1.0,
  "min_overlap_layer": 28,
  "max_overlap_layer": 0
}